,YEAR,GEO,NAICS,VALUE
0,2017,Canada,"Total, all industries",18281.1
1,2018,Canada,"Total, all industries",18568.0
2,2019,Canada,"Total, all industries",18985.6
3,2020,Canada,"Total, all industries",17999.2
4,2021,Canada,"Total, all industries",18865.4
5,2017,Canada,Goods-producing sector,3879.5
6,2018,Canada,Goods-producing sector,3949.8
7,2019,Canada,Goods-producing sector,3974.9
8,2020,Canada,Goods-producing sector,3770.8
9,2021,Canada,Goods-producing sector,3884.6
10,2017,Canada,Agriculture,286.6
11,2018,Canada,Agriculture,284.7
12,2019,Canada,Agriculture,292.3
13,2020,Canada,Agriculture,279.4
14,2021,Canada,Agriculture,251.8
15,2017,Canada,"Forestry, fishing, mining, quarrying, oil and gas",325.2
16,2018,Canada,"Forestry, fishing, mining, quarrying, oil and gas",340.6
17,2019,Canada,"Forestry, fishing, mining, quarrying, oil and gas",332.8
18,2020,Canada,"Forestry, fishing, mining, quarrying, oil and gas",306.7
19,2021,Canada,"Forestry, fishing, mining, quarrying, oil and gas",324.5
20,2017,Canada,Forestry and logging and support activities for forestry,49.0
21,2018,Canada,Forestry and logging and support activities for forestry,53.1
22,2019,Canada,Forestry and logging and support activities for forestry,49.0
23,2020,Canada,Forestry and logging and support activities for forestry,52.3
24,2021,Canada,Forestry and logging and support activities for forestry,50.7
25,2017,Canada,"Fishing, hunting and trapping",17.4
26,2018,Canada,"Fishing, hunting and trapping",16.8
27,2019,Canada,"Fishing, hunting and trapping",17.3
28,2020,Canada,"Fishing, hunting and trapping",18.3
29,2021,Canada,"Fishing, hunting and trapping",17.0
30,2017,Canada,"Mining, quarrying, and oil and gas extraction",258.8
31,2018,Canada,"Mining, quarrying, and oil and gas extraction",270.6
32,2019,Canada,"Mining, quarrying, and oil and gas extraction",266.5
33,2020,Canada,"Mining, quarrying, and oil and gas extraction",236.0
34,2021,Canada,"Mining, quarrying, and oil and gas extraction",256.9
35,2017,Canada,Utilities,132.1
36,2018,Canada,Utilities,145.2
37,2019,Canada,Utilities,140.3
38,2020,Canada,Utilities,138.0
39,2021,Canada,Utilities,140.8
40,2017,Canada,Construction,1407.9
41,2018,Canada,Construction,1442.9
42,2019,Canada,Construction,1469.4
43,2020,Canada,Construction,1373.8
44,2021,Canada,Construction,1432.3
45,2017,Canada,Manufacturing,1727.8
46,2018,Canada,Manufacturing,1736.3
47,2019,Canada,Manufacturing,1740.2
48,2020,Canada,Manufacturing,1672.9
49,2021,Canada,Manufacturing,1735.1
50,2017,Canada,Durables,1046.3
51,2018,Canada,Durables,1048.5
52,2019,Canada,Durables,1047.8
53,2020,Canada,Durables,997.3
54,2021,Canada,Durables,1028.3
55,2017,Canada,Non-durables,681.5
56,2018,Canada,Non-durables,687.8
57,2019,Canada,Non-durables,692.4
58,2020,Canada,Non-durables,675.6
59,2021,Canada,Non-durables,706.9
60,2017,Canada,Services-producing sector,14401.6
61,2018,Canada,Services-producing sector,14618.2
62,2019,Canada,Services-producing sector,15010.7
63,2020,Canada,Services-producing sector,14228.5
64,2021,Canada,Services-producing sector,14980.9
65,2017,Canada,Wholesale and retail trade,2794.1
66,2018,Canada,Wholesale and retail trade,2785.1
67,2019,Canada,Wholesale and retail trade,2824.7
68,2020,Canada,Wholesale and retail trade,2684.0
69,2021,Canada,Wholesale and retail trade,2819.6
70,2017,Canada,Wholesale trade,663.2
71,2018,Canada,Wholesale trade,646.7
72,2019,Canada,Wholesale trade,627.0
73,2020,Canada,Wholesale trade,613.6
74,2021,Canada,Wholesale trade,633.6
75,2017,Canada,Retail trade,2131.0
76,2018,Canada,Retail trade,2138.4
77,2019,Canada,Retail trade,2197.7
78,2020,Canada,Retail trade,2070.4
79,2021,Canada,Retail trade,2186.0
80,2017,Canada,Transportation and warehousing,936.1
81,2018,Canada,Transportation and warehousing,989.0
82,2019,Canada,Transportation and warehousing,1037.1
83,2020,Canada,Transportation and warehousing,950.2
84,2021,Canada,Transportation and warehousing,989.9
85,2017,Canada,"Finance, insurance, real estate, rental and leasing",1161.9
86,2018,Canada,"Finance, insurance, real estate, rental and leasing",1169.0
87,2019,Canada,"Finance, insurance, real estate, rental and leasing",1202.8
88,2020,Canada,"Finance, insurance, real estate, rental and leasing",1233.9
89,2021,Canada,"Finance, insurance, real estate, rental and leasing",1299.9
90,2017,Canada,Finance and insurance,824.7
91,2018,Canada,Finance and insurance,826.6
92,2019,Canada,Finance and insurance,843.6
93,2020,Canada,Finance and insurance,904.4
94,2021,Canada,Finance and insurance,946.6
95,2017,Canada,Real estate and rental and leasing,337.2
96,2018,Canada,Real estate and rental and leasing,342.4
97,2019,Canada,Real estate and rental and leasing,359.2
98,2020,Canada,Real estate and rental and leasing,329.4
99,2021,Canada,Real estate and rental and leasing,353.3
100,2017,Canada,"Professional, scientific and technical services",1429.7
101,2018,Canada,"Professional, scientific and technical services",1450.6
102,2019,Canada,"Professional, scientific and technical services",1537.3
103,2020,Canada,"Professional, scientific and technical services",1528.4
104,2021,Canada,"Professional, scientific and technical services",1673.9
105,2017,Canada,"Business, building and other support services",748.2
106,2018,Canada,"Business, building and other support services",764.9
107,2019,Canada,"Business, building and other support services",768.1
108,2020,Canada,"Business, building and other support services",702.8
109,2021,Canada,"Business, building and other support services",707.7
110,2017,Canada,Educational services,1267.2
111,2018,Canada,Educational services,1311.7
112,2019,Canada,Educational services,1358.9
113,2020,Canada,Educational services,1337.5
114,2021,Canada,Educational services,1452.1
115,2017,Canada,Health care and social assistance,2366.1
116,2018,Canada,Health care and social assistance,2396.0
117,2019,Canada,Health care and social assistance,2496.2
118,2020,Canada,Health care and social assistance,2438.3
119,2021,Canada,Health care and social assistance,2558.6
120,2017,Canada,"Information, culture and recreation",773.9
121,2018,Canada,"Information, culture and recreation",769.7
122,2019,Canada,"Information, culture and recreation",762.4
123,2020,Canada,"Information, culture and recreation",681.5
124,2021,Canada,"Information, culture and recreation",721.8
125,2017,Canada,Accommodation and food services,1201.9
126,2018,Canada,Accommodation and food services,1232.1
127,2019,Canada,Accommodation and food services,1209.8
128,2020,Canada,Accommodation and food services,941.9
129,2021,Canada,Accommodation and food services,957.7
130,2017,Canada,Other services (except public administration),767.8
131,2018,Canada,Other services (except public administration),795.3
132,2019,Canada,Other services (except public administration),812.5
133,2020,Canada,Other services (except public administration),737.3
134,2021,Canada,Other services (except public administration),734.1
135,2017,Canada,Public administration,954.7
136,2018,Canada,Public administration,954.9
137,2019,Canada,Public administration,1000.7
138,2020,Canada,Public administration,992.5
139,2021,Canada,Public administration,1065.5
140,2017,Newfoundland and Labrador,"Total, all industries",223.1
141,2018,Newfoundland and Labrador,"Total, all industries",224.4
142,2019,Newfoundland and Labrador,"Total, all industries",227.0
143,2020,Newfoundland and Labrador,"Total, all industries",214.0
144,2021,Newfoundland and Labrador,"Total, all industries",220.1
145,2017,Newfoundland and Labrador,Goods-producing sector,47.2
146,2018,Newfoundland and Labrador,Goods-producing sector,47.2
147,2019,Newfoundland and Labrador,Goods-producing sector,47.1
148,2020,Newfoundland and Labrador,Goods-producing sector,41.2
149,2021,Newfoundland and Labrador,Goods-producing sector,43.7
150,2017,Newfoundland and Labrador,Agriculture,1.8
151,2018,Newfoundland and Labrador,Agriculture,1.5
152,2019,Newfoundland and Labrador,Agriculture,1.3
153,2020,Newfoundland and Labrador,Agriculture,1.3
154,2021,Newfoundland and Labrador,Agriculture,1.3
155,2017,Newfoundland and Labrador,"Forestry, fishing, mining, quarrying, oil and gas",12.3
156,2018,Newfoundland and Labrador,"Forestry, fishing, mining, quarrying, oil and gas",13.2
157,2019,Newfoundland and Labrador,"Forestry, fishing, mining, quarrying, oil and gas",14.4
158,2020,Newfoundland and Labrador,"Forestry, fishing, mining, quarrying, oil and gas",12.7
159,2021,Newfoundland and Labrador,"Forestry, fishing, mining, quarrying, oil and gas",13.6
160,2017,Newfoundland and Labrador,Forestry and logging and support activities for forestry,1.1
161,2018,Newfoundland and Labrador,Forestry and logging and support activities for forestry,0.9
162,2019,Newfoundland and Labrador,Forestry and logging and support activities for forestry,1.0
163,2020,Newfoundland and Labrador,Forestry and logging and support activities for forestry,0.9
164,2021,Newfoundland and Labrador,Forestry and logging and support activities for forestry,0.9
165,2017,Newfoundland and Labrador,"Fishing, hunting and trapping",3.0
166,2018,Newfoundland and Labrador,"Fishing, hunting and trapping",3.8
167,2019,Newfoundland and Labrador,"Fishing, hunting and trapping",3.8
168,2020,Newfoundland and Labrador,"Fishing, hunting and trapping",3.2
169,2021,Newfoundland and Labrador,"Fishing, hunting and trapping",3.2
170,2017,Newfoundland and Labrador,"Mining, quarrying, and oil and gas extraction",8.2
171,2018,Newfoundland and Labrador,"Mining, quarrying, and oil and gas extraction",8.4
172,2019,Newfoundland and Labrador,"Mining, quarrying, and oil and gas extraction",9.6
173,2020,Newfoundland and Labrador,"Mining, quarrying, and oil and gas extraction",8.6
174,2021,Newfoundland and Labrador,"Mining, quarrying, and oil and gas extraction",9.5
175,2017,Newfoundland and Labrador,Utilities,3.0
176,2018,Newfoundland and Labrador,Utilities,3.2
177,2019,Newfoundland and Labrador,Utilities,2.7
178,2020,Newfoundland and Labrador,Utilities,2.6
179,2021,Newfoundland and Labrador,Utilities,1.9
180,2017,Newfoundland and Labrador,Construction,20.9
181,2018,Newfoundland and Labrador,Construction,20.2
182,2019,Newfoundland and Labrador,Construction,19.5
183,2020,Newfoundland and Labrador,Construction,16.0
184,2021,Newfoundland and Labrador,Construction,16.2
185,2017,Newfoundland and Labrador,Manufacturing,9.2
186,2018,Newfoundland and Labrador,Manufacturing,9.1
187,2019,Newfoundland and Labrador,Manufacturing,9.2
188,2020,Newfoundland and Labrador,Manufacturing,8.7
189,2021,Newfoundland and Labrador,Manufacturing,10.6
190,2017,Newfoundland and Labrador,Durables,3.5
191,2018,Newfoundland and Labrador,Durables,3.1
192,2019,Newfoundland and Labrador,Durables,2.8
193,2020,Newfoundland and Labrador,Durables,2.9
194,2021,Newfoundland and Labrador,Durables,3.4
195,2017,Newfoundland and Labrador,Non-durables,5.7
196,2018,Newfoundland and Labrador,Non-durables,6.1
197,2019,Newfoundland and Labrador,Non-durables,6.4
198,2020,Newfoundland and Labrador,Non-durables,5.8
199,2021,Newfoundland and Labrador,Non-durables,7.2
200,2017,Newfoundland and Labrador,Services-producing sector,175.9
201,2018,Newfoundland and Labrador,Services-producing sector,177.2
202,2019,Newfoundland and Labrador,Services-producing sector,179.9
203,2020,Newfoundland and Labrador,Services-producing sector,172.9
204,2021,Newfoundland and Labrador,Services-producing sector,176.5
205,2017,Newfoundland and Labrador,Wholesale and retail trade,40.6
206,2018,Newfoundland and Labrador,Wholesale and retail trade,37.8
207,2019,Newfoundland and Labrador,Wholesale and retail trade,36.1
208,2020,Newfoundland and Labrador,Wholesale and retail trade,34.7
209,2021,Newfoundland and Labrador,Wholesale and retail trade,36.7
210,2017,Newfoundland and Labrador,Wholesale trade,4.5
211,2018,Newfoundland and Labrador,Wholesale trade,5.7
212,2019,Newfoundland and Labrador,Wholesale trade,5.3
213,2020,Newfoundland and Labrador,Wholesale trade,4.7
214,2021,Newfoundland and Labrador,Wholesale trade,5.3
215,2017,Newfoundland and Labrador,Retail trade,36.0
216,2018,Newfoundland and Labrador,Retail trade,32.1
217,2019,Newfoundland and Labrador,Retail trade,30.7
218,2020,Newfoundland and Labrador,Retail trade,30.0
219,2021,Newfoundland and Labrador,Retail trade,31.4
220,2017,Newfoundland and Labrador,Transportation and warehousing,11.3
221,2018,Newfoundland and Labrador,Transportation and warehousing,11.9
222,2019,Newfoundland and Labrador,Transportation and warehousing,11.6
223,2020,Newfoundland and Labrador,Transportation and warehousing,9.8
224,2021,Newfoundland and Labrador,Transportation and warehousing,8.6
225,2017,Newfoundland and Labrador,"Finance, insurance, real estate, rental and leasing",6.5
226,2018,Newfoundland and Labrador,"Finance, insurance, real estate, rental and leasing",7.1
227,2019,Newfoundland and Labrador,"Finance, insurance, real estate, rental and leasing",6.8
228,2020,Newfoundland and Labrador,"Finance, insurance, real estate, rental and leasing",7.3
229,2021,Newfoundland and Labrador,"Finance, insurance, real estate, rental and leasing",6.7
230,2017,Newfoundland and Labrador,Finance and insurance,4.5
231,2018,Newfoundland and Labrador,Finance and insurance,4.9
232,2019,Newfoundland and Labrador,Finance and insurance,3.9
233,2020,Newfoundland and Labrador,Finance and insurance,5.2
234,2021,Newfoundland and Labrador,Finance and insurance,4.8
235,2017,Newfoundland and Labrador,Real estate and rental and leasing,1.9
236,2018,Newfoundland and Labrador,Real estate and rental and leasing,2.2
237,2019,Newfoundland and Labrador,Real estate and rental and leasing,2.9
238,2020,Newfoundland and Labrador,Real estate and rental and leasing,2.0
239,2021,Newfoundland and Labrador,Real estate and rental and leasing,1.8
240,2017,Newfoundland and Labrador,"Professional, scientific and technical services",9.6
241,2018,Newfoundland and Labrador,"Professional, scientific and technical services",9.8
242,2019,Newfoundland and Labrador,"Professional, scientific and technical services",9.6
243,2020,Newfoundland and Labrador,"Professional, scientific and technical services",9.5
244,2021,Newfoundland and Labrador,"Professional, scientific and technical services",10.6
245,2017,Newfoundland and Labrador,"Business, building and other support services",6.9
246,2018,Newfoundland and Labrador,"Business, building and other support services",6.1
247,2019,Newfoundland and Labrador,"Business, building and other support services",7.6
248,2020,Newfoundland and Labrador,"Business, building and other support services",6.5
249,2021,Newfoundland and Labrador,"Business, building and other support services",6.9
250,2017,Newfoundland and Labrador,Educational services,15.4
251,2018,Newfoundland and Labrador,Educational services,15.6
252,2019,Newfoundland and Labrador,Educational services,15.8
253,2020,Newfoundland and Labrador,Educational services,16.3
254,2021,Newfoundland and Labrador,Educational services,16.9
255,2017,Newfoundland and Labrador,Health care and social assistance,39.6
256,2018,Newfoundland and Labrador,Health care and social assistance,39.7
257,2019,Newfoundland and Labrador,Health care and social assistance,39.7
258,2020,Newfoundland and Labrador,Health care and social assistance,40.1
259,2021,Newfoundland and Labrador,Health care and social assistance,43.7
260,2017,Newfoundland and Labrador,"Information, culture and recreation",6.3
261,2018,Newfoundland and Labrador,"Information, culture and recreation",6.9
262,2019,Newfoundland and Labrador,"Information, culture and recreation",7.3
263,2020,Newfoundland and Labrador,"Information, culture and recreation",5.9
264,2021,Newfoundland and Labrador,"Information, culture and recreation",6.9
265,2017,Newfoundland and Labrador,Accommodation and food services,14.3
266,2018,Newfoundland and Labrador,Accommodation and food services,15.7
267,2019,Newfoundland and Labrador,Accommodation and food services,17.1
268,2020,Newfoundland and Labrador,Accommodation and food services,15.6
269,2021,Newfoundland and Labrador,Accommodation and food services,11.8
270,2017,Newfoundland and Labrador,Other services (except public administration),11.2
271,2018,Newfoundland and Labrador,Other services (except public administration),10.3
272,2019,Newfoundland and Labrador,Other services (except public administration),10.4
273,2020,Newfoundland and Labrador,Other services (except public administration),10.1
274,2021,Newfoundland and Labrador,Other services (except public administration),7.9
275,2017,Newfoundland and Labrador,Public administration,14.3
276,2018,Newfoundland and Labrador,Public administration,16.3
277,2019,Newfoundland and Labrador,Public administration,18.0
278,2020,Newfoundland and Labrador,Public administration,17.1
279,2021,Newfoundland and Labrador,Public administration,19.8
280,2017,Prince Edward Island,"Total, all industries",73.6
281,2018,Prince Edward Island,"Total, all industries",76.6
282,2019,Prince Edward Island,"Total, all industries",79.2
283,2020,Prince Edward Island,"Total, all industries",76.7
284,2021,Prince Edward Island,"Total, all industries",79.4
285,2017,Prince Edward Island,Goods-producing sector,17.4
286,2018,Prince Edward Island,Goods-producing sector,19.5
287,2019,Prince Edward Island,Goods-producing sector,20.1
288,2020,Prince Edward Island,Goods-producing sector,19.6
289,2021,Prince Edward Island,Goods-producing sector,19.3
290,2017,Prince Edward Island,Agriculture,3.1
291,2018,Prince Edward Island,Agriculture,4.0
292,2019,Prince Edward Island,Agriculture,4.3
293,2020,Prince Edward Island,Agriculture,3.9
294,2021,Prince Edward Island,Agriculture,3.6
295,2017,Prince Edward Island,"Forestry, fishing, mining, quarrying, oil and gas",2.5
296,2018,Prince Edward Island,"Forestry, fishing, mining, quarrying, oil and gas",2.6
297,2019,Prince Edward Island,"Forestry, fishing, mining, quarrying, oil and gas",2.3
298,2020,Prince Edward Island,"Forestry, fishing, mining, quarrying, oil and gas",2.1
299,2021,Prince Edward Island,"Forestry, fishing, mining, quarrying, oil and gas",2.4
300,2017,Prince Edward Island,Forestry and logging and support activities for forestry,0.3
301,2018,Prince Edward Island,Forestry and logging and support activities for forestry,0.2
302,2019,Prince Edward Island,Forestry and logging and support activities for forestry,0.2
303,2020,Prince Edward Island,Forestry and logging and support activities for forestry,
304,2021,Prince Edward Island,Forestry and logging and support activities for forestry,
305,2017,Prince Edward Island,"Fishing, hunting and trapping",2.0
306,2018,Prince Edward Island,"Fishing, hunting and trapping",2.1
307,2019,Prince Edward Island,"Fishing, hunting and trapping",1.7
308,2020,Prince Edward Island,"Fishing, hunting and trapping",1.7
309,2021,Prince Edward Island,"Fishing, hunting and trapping",2.0
310,2017,Prince Edward Island,"Mining, quarrying, and oil and gas extraction",0.2
311,2018,Prince Edward Island,"Mining, quarrying, and oil and gas extraction",0.3
312,2019,Prince Edward Island,"Mining, quarrying, and oil and gas extraction",0.3
313,2020,Prince Edward Island,"Mining, quarrying, and oil and gas extraction",0.2
314,2021,Prince Edward Island,"Mining, quarrying, and oil and gas extraction",0.3
315,2017,Prince Edward Island,Utilities,0.2
316,2018,Prince Edward Island,Utilities,0.2
317,2019,Prince Edward Island,Utilities,0.3
318,2020,Prince Edward Island,Utilities,0.2
319,2021,Prince Edward Island,Utilities,0.3
320,2017,Prince Edward Island,Construction,5.2
321,2018,Prince Edward Island,Construction,5.7
322,2019,Prince Edward Island,Construction,6.5
323,2020,Prince Edward Island,Construction,6.7
324,2021,Prince Edward Island,Construction,5.9
325,2017,Prince Edward Island,Manufacturing,6.4
326,2018,Prince Edward Island,Manufacturing,6.9
327,2019,Prince Edward Island,Manufacturing,6.7
328,2020,Prince Edward Island,Manufacturing,6.7
329,2021,Prince Edward Island,Manufacturing,7.1
330,2017,Prince Edward Island,Durables,2.3
331,2018,Prince Edward Island,Durables,2.5
332,2019,Prince Edward Island,Durables,2.8
333,2020,Prince Edward Island,Durables,2.4
334,2021,Prince Edward Island,Durables,2.4
335,2017,Prince Edward Island,Non-durables,4.1
336,2018,Prince Edward Island,Non-durables,4.4
337,2019,Prince Edward Island,Non-durables,4.0
338,2020,Prince Edward Island,Non-durables,4.3
339,2021,Prince Edward Island,Non-durables,4.7
340,2017,Prince Edward Island,Services-producing sector,56.1
341,2018,Prince Edward Island,Services-producing sector,57.1
342,2019,Prince Edward Island,Services-producing sector,59.1
343,2020,Prince Edward Island,Services-producing sector,57.1
344,2021,Prince Edward Island,Services-producing sector,60.1
345,2017,Prince Edward Island,Wholesale and retail trade,11.1
346,2018,Prince Edward Island,Wholesale and retail trade,11.3
347,2019,Prince Edward Island,Wholesale and retail trade,11.5
348,2020,Prince Edward Island,Wholesale and retail trade,10.9
349,2021,Prince Edward Island,Wholesale and retail trade,11.5
350,2017,Prince Edward Island,Wholesale trade,1.7
351,2018,Prince Edward Island,Wholesale trade,1.7
352,2019,Prince Edward Island,Wholesale trade,1.5
353,2020,Prince Edward Island,Wholesale trade,1.4
354,2021,Prince Edward Island,Wholesale trade,1.4
355,2017,Prince Edward Island,Retail trade,9.4
356,2018,Prince Edward Island,Retail trade,9.6
357,2019,Prince Edward Island,Retail trade,10.0
358,2020,Prince Edward Island,Retail trade,9.5
359,2021,Prince Edward Island,Retail trade,10.1
360,2017,Prince Edward Island,Transportation and warehousing,2.8
361,2018,Prince Edward Island,Transportation and warehousing,2.7
362,2019,Prince Edward Island,Transportation and warehousing,2.9
363,2020,Prince Edward Island,Transportation and warehousing,2.6
364,2021,Prince Edward Island,Transportation and warehousing,2.4
365,2017,Prince Edward Island,"Finance, insurance, real estate, rental and leasing",2.7
366,2018,Prince Edward Island,"Finance, insurance, real estate, rental and leasing",2.8
367,2019,Prince Edward Island,"Finance, insurance, real estate, rental and leasing",2.8
368,2020,Prince Edward Island,"Finance, insurance, real estate, rental and leasing",2.9
369,2021,Prince Edward Island,"Finance, insurance, real estate, rental and leasing",2.7
370,2017,Prince Edward Island,Finance and insurance,2.0
371,2018,Prince Edward Island,Finance and insurance,1.8
372,2019,Prince Edward Island,Finance and insurance,2.0
373,2020,Prince Edward Island,Finance and insurance,2.3
374,2021,Prince Edward Island,Finance and insurance,1.8
375,2017,Prince Edward Island,Real estate and rental and leasing,0.6
376,2018,Prince Edward Island,Real estate and rental and leasing,1.0
377,2019,Prince Edward Island,Real estate and rental and leasing,0.9
378,2020,Prince Edward Island,Real estate and rental and leasing,0.6
379,2021,Prince Edward Island,Real estate and rental and leasing,0.9
380,2017,Prince Edward Island,"Professional, scientific and technical services",3.5
381,2018,Prince Edward Island,"Professional, scientific and technical services",3.6
382,2019,Prince Edward Island,"Professional, scientific and technical services",3.5
383,2020,Prince Edward Island,"Professional, scientific and technical services",4.2
384,2021,Prince Edward Island,"Professional, scientific and technical services",4.4
385,2017,Prince Edward Island,"Business, building and other support services",1.9
386,2018,Prince Edward Island,"Business, building and other support services",2.0
387,2019,Prince Edward Island,"Business, building and other support services",2.4
388,2020,Prince Edward Island,"Business, building and other support services",2.0
389,2021,Prince Edward Island,"Business, building and other support services",2.1
390,2017,Prince Edward Island,Educational services,5.3
391,2018,Prince Edward Island,Educational services,5.5
392,2019,Prince Edward Island,Educational services,5.5
393,2020,Prince Edward Island,Educational services,5.7
394,2021,Prince Edward Island,Educational services,6.3
395,2017,Prince Edward Island,Health care and social assistance,10.3
396,2018,Prince Edward Island,Health care and social assistance,10.5
397,2019,Prince Edward Island,Health care and social assistance,11.0
398,2020,Prince Edward Island,Health care and social assistance,11.0
399,2021,Prince Edward Island,Health care and social assistance,11.7
400,2017,Prince Edward Island,"Information, culture and recreation",2.7
401,2018,Prince Edward Island,"Information, culture and recreation",2.8
402,2019,Prince Edward Island,"Information, culture and recreation",2.3
403,2020,Prince Edward Island,"Information, culture and recreation",2.2
404,2021,Prince Edward Island,"Information, culture and recreation",2.5
405,2017,Prince Edward Island,Accommodation and food services,5.7
406,2018,Prince Edward Island,Accommodation and food services,6.3
407,2019,Prince Edward Island,Accommodation and food services,6.1
408,2020,Prince Edward Island,Accommodation and food services,4.2
409,2021,Prince Edward Island,Accommodation and food services,4.6
410,2017,Prince Edward Island,Other services (except public administration),3.4
411,2018,Prince Edward Island,Other services (except public administration),3.2
412,2019,Prince Edward Island,Other services (except public administration),3.3
413,2020,Prince Edward Island,Other services (except public administration),3.2
414,2021,Prince Edward Island,Other services (except public administration),3.1
415,2017,Prince Edward Island,Public administration,6.7
416,2018,Prince Edward Island,Public administration,6.5
417,2019,Prince Edward Island,Public administration,7.8
418,2020,Prince Edward Island,Public administration,8.1
419,2021,Prince Edward Island,Public administration,8.7
420,2017,Nova Scotia,"Total, all industries",442.4
421,2018,Nova Scotia,"Total, all industries",450.7
422,2019,Nova Scotia,"Total, all industries",461.2
423,2020,Nova Scotia,"Total, all industries",439.7
424,2021,Nova Scotia,"Total, all industries",463.5
425,2017,Nova Scotia,Goods-producing sector,81.0
426,2018,Nova Scotia,Goods-producing sector,83.7
427,2019,Nova Scotia,Goods-producing sector,86.2
428,2020,Nova Scotia,Goods-producing sector,84.8
429,2021,Nova Scotia,Goods-producing sector,89.9
430,2017,Nova Scotia,Agriculture,4.8
431,2018,Nova Scotia,Agriculture,5.6
432,2019,Nova Scotia,Agriculture,5.9
433,2020,Nova Scotia,Agriculture,5.9
434,2021,Nova Scotia,Agriculture,6.7
435,2017,Nova Scotia,"Forestry, fishing, mining, quarrying, oil and gas",10.2
436,2018,Nova Scotia,"Forestry, fishing, mining, quarrying, oil and gas",8.9
437,2019,Nova Scotia,"Forestry, fishing, mining, quarrying, oil and gas",11.0
438,2020,Nova Scotia,"Forestry, fishing, mining, quarrying, oil and gas",10.2
439,2021,Nova Scotia,"Forestry, fishing, mining, quarrying, oil and gas",10.4
440,2017,Nova Scotia,Forestry and logging and support activities for forestry,1.5
441,2018,Nova Scotia,Forestry and logging and support activities for forestry,2.4
442,2019,Nova Scotia,Forestry and logging and support activities for forestry,2.0
443,2020,Nova Scotia,Forestry and logging and support activities for forestry,1.9
444,2021,Nova Scotia,Forestry and logging and support activities for forestry,2.2
445,2017,Nova Scotia,"Fishing, hunting and trapping",5.6
446,2018,Nova Scotia,"Fishing, hunting and trapping",3.9
447,2019,Nova Scotia,"Fishing, hunting and trapping",5.7
448,2020,Nova Scotia,"Fishing, hunting and trapping",5.6
449,2021,Nova Scotia,"Fishing, hunting and trapping",5.8
450,2017,Nova Scotia,"Mining, quarrying, and oil and gas extraction",3.0
451,2018,Nova Scotia,"Mining, quarrying, and oil and gas extraction",2.7
452,2019,Nova Scotia,"Mining, quarrying, and oil and gas extraction",3.3
453,2020,Nova Scotia,"Mining, quarrying, and oil and gas extraction",2.8
454,2021,Nova Scotia,"Mining, quarrying, and oil and gas extraction",2.5
455,2017,Nova Scotia,Utilities,4.0
456,2018,Nova Scotia,Utilities,3.5
457,2019,Nova Scotia,Utilities,3.5
458,2020,Nova Scotia,Utilities,3.7
459,2021,Nova Scotia,Utilities,4.7
460,2017,Nova Scotia,Construction,31.4
461,2018,Nova Scotia,Construction,33.7
462,2019,Nova Scotia,Construction,34.2
463,2020,Nova Scotia,Construction,33.3
464,2021,Nova Scotia,Construction,35.6
465,2017,Nova Scotia,Manufacturing,30.7
466,2018,Nova Scotia,Manufacturing,31.9
467,2019,Nova Scotia,Manufacturing,31.7
468,2020,Nova Scotia,Manufacturing,31.7
469,2021,Nova Scotia,Manufacturing,32.5
470,2017,Nova Scotia,Durables,14.6
471,2018,Nova Scotia,Durables,15.0
472,2019,Nova Scotia,Durables,14.6
473,2020,Nova Scotia,Durables,14.0
474,2021,Nova Scotia,Durables,14.1
475,2017,Nova Scotia,Non-durables,16.1
476,2018,Nova Scotia,Non-durables,16.9
477,2019,Nova Scotia,Non-durables,17.1
478,2020,Nova Scotia,Non-durables,17.7
479,2021,Nova Scotia,Non-durables,18.4
480,2017,Nova Scotia,Services-producing sector,361.4
481,2018,Nova Scotia,Services-producing sector,367.0
482,2019,Nova Scotia,Services-producing sector,375.0
483,2020,Nova Scotia,Services-producing sector,354.9
484,2021,Nova Scotia,Services-producing sector,373.6
485,2017,Nova Scotia,Wholesale and retail trade,74.9
486,2018,Nova Scotia,Wholesale and retail trade,77.8
487,2019,Nova Scotia,Wholesale and retail trade,81.1
488,2020,Nova Scotia,Wholesale and retail trade,70.0
489,2021,Nova Scotia,Wholesale and retail trade,72.9
490,2017,Nova Scotia,Wholesale trade,11.8
491,2018,Nova Scotia,Wholesale trade,13.0
492,2019,Nova Scotia,Wholesale trade,13.7
493,2020,Nova Scotia,Wholesale trade,11.7
494,2021,Nova Scotia,Wholesale trade,12.3
495,2017,Nova Scotia,Retail trade,63.1
496,2018,Nova Scotia,Retail trade,64.8
497,2019,Nova Scotia,Retail trade,67.4
498,2020,Nova Scotia,Retail trade,58.4
499,2021,Nova Scotia,Retail trade,60.6
500,2017,Nova Scotia,Transportation and warehousing,19.9
501,2018,Nova Scotia,Transportation and warehousing,19.5
502,2019,Nova Scotia,Transportation and warehousing,19.5
503,2020,Nova Scotia,Transportation and warehousing,18.8
504,2021,Nova Scotia,Transportation and warehousing,24.2
505,2017,Nova Scotia,"Finance, insurance, real estate, rental and leasing",22.7
506,2018,Nova Scotia,"Finance, insurance, real estate, rental and leasing",21.7
507,2019,Nova Scotia,"Finance, insurance, real estate, rental and leasing",20.9
508,2020,Nova Scotia,"Finance, insurance, real estate, rental and leasing",22.2
509,2021,Nova Scotia,"Finance, insurance, real estate, rental and leasing",23.0
510,2017,Nova Scotia,Finance and insurance,15.3
511,2018,Nova Scotia,Finance and insurance,13.5
512,2019,Nova Scotia,Finance and insurance,14.2
513,2020,Nova Scotia,Finance and insurance,15.4
514,2021,Nova Scotia,Finance and insurance,16.5
515,2017,Nova Scotia,Real estate and rental and leasing,7.4
516,2018,Nova Scotia,Real estate and rental and leasing,8.2
517,2019,Nova Scotia,Real estate and rental and leasing,6.7
518,2020,Nova Scotia,Real estate and rental and leasing,6.8
519,2021,Nova Scotia,Real estate and rental and leasing,6.5
520,2017,Nova Scotia,"Professional, scientific and technical services",27.3
521,2018,Nova Scotia,"Professional, scientific and technical services",26.9
522,2019,Nova Scotia,"Professional, scientific and technical services",27.8
523,2020,Nova Scotia,"Professional, scientific and technical services",29.5
524,2021,Nova Scotia,"Professional, scientific and technical services",34.9
525,2017,Nova Scotia,"Business, building and other support services",18.0
526,2018,Nova Scotia,"Business, building and other support services",17.6
527,2019,Nova Scotia,"Business, building and other support services",17.3
528,2020,Nova Scotia,"Business, building and other support services",17.2
529,2021,Nova Scotia,"Business, building and other support services",18.1
530,2017,Nova Scotia,Educational services,35.7
531,2018,Nova Scotia,Educational services,36.9
532,2019,Nova Scotia,Educational services,36.6
533,2020,Nova Scotia,Educational services,36.5
534,2021,Nova Scotia,Educational services,37.7
535,2017,Nova Scotia,Health care and social assistance,70.1
536,2018,Nova Scotia,Health care and social assistance,66.9
537,2019,Nova Scotia,Health care and social assistance,72.7
538,2020,Nova Scotia,Health care and social assistance,71.3
539,2021,Nova Scotia,Health care and social assistance,74.3
540,2017,Nova Scotia,"Information, culture and recreation",15.6
541,2018,Nova Scotia,"Information, culture and recreation",17.7
542,2019,Nova Scotia,"Information, culture and recreation",18.2
543,2020,Nova Scotia,"Information, culture and recreation",15.2
544,2021,Nova Scotia,"Information, culture and recreation",13.9
545,2017,Nova Scotia,Accommodation and food services,30.7
546,2018,Nova Scotia,Accommodation and food services,35.4
547,2019,Nova Scotia,Accommodation and food services,34.8
548,2020,Nova Scotia,Accommodation and food services,28.5
549,2021,Nova Scotia,Accommodation and food services,27.9
550,2017,Nova Scotia,Other services (except public administration),17.7
551,2018,Nova Scotia,Other services (except public administration),18.3
552,2019,Nova Scotia,Other services (except public administration),16.7
553,2020,Nova Scotia,Other services (except public administration),15.4
554,2021,Nova Scotia,Other services (except public administration),15.9
555,2017,Nova Scotia,Public administration,28.7
556,2018,Nova Scotia,Public administration,28.5
557,2019,Nova Scotia,Public administration,29.4
558,2020,Nova Scotia,Public administration,30.3
559,2021,Nova Scotia,Public administration,30.9
560,2017,New Brunswick,"Total, all industries",356.3
561,2018,New Brunswick,"Total, all industries",358.4
562,2019,New Brunswick,"Total, all industries",361.1
563,2020,New Brunswick,"Total, all industries",351.6
564,2021,New Brunswick,"Total, all industries",360.5
565,2017,New Brunswick,Goods-producing sector,74.2
566,2018,New Brunswick,Goods-producing sector,75.0
567,2019,New Brunswick,Goods-producing sector,76.2
568,2020,New Brunswick,Goods-producing sector,72.2
569,2021,New Brunswick,Goods-producing sector,70.7
570,2017,New Brunswick,Agriculture,5.2
571,2018,New Brunswick,Agriculture,6.2
572,2019,New Brunswick,Agriculture,5.8
573,2020,New Brunswick,Agriculture,4.9
574,2021,New Brunswick,Agriculture,5.3
575,2017,New Brunswick,"Forestry, fishing, mining, quarrying, oil and gas",8.5
576,2018,New Brunswick,"Forestry, fishing, mining, quarrying, oil and gas",9.8
577,2019,New Brunswick,"Forestry, fishing, mining, quarrying, oil and gas",10.2
578,2020,New Brunswick,"Forestry, fishing, mining, quarrying, oil and gas",9.8
579,2021,New Brunswick,"Forestry, fishing, mining, quarrying, oil and gas",9.0
580,2017,New Brunswick,Forestry and logging and support activities for forestry,3.5
581,2018,New Brunswick,Forestry and logging and support activities for forestry,3.4
582,2019,New Brunswick,Forestry and logging and support activities for forestry,3.6
583,2020,New Brunswick,Forestry and logging and support activities for forestry,4.8
584,2021,New Brunswick,Forestry and logging and support activities for forestry,3.7
585,2017,New Brunswick,"Fishing, hunting and trapping",1.7
586,2018,New Brunswick,"Fishing, hunting and trapping",1.9
587,2019,New Brunswick,"Fishing, hunting and trapping",2.4
588,2020,New Brunswick,"Fishing, hunting and trapping",2.3
589,2021,New Brunswick,"Fishing, hunting and trapping",2.3
590,2017,New Brunswick,"Mining, quarrying, and oil and gas extraction",3.2
591,2018,New Brunswick,"Mining, quarrying, and oil and gas extraction",4.5
592,2019,New Brunswick,"Mining, quarrying, and oil and gas extraction",4.2
593,2020,New Brunswick,"Mining, quarrying, and oil and gas extraction",2.7
594,2021,New Brunswick,"Mining, quarrying, and oil and gas extraction",3.0
595,2017,New Brunswick,Utilities,3.6
596,2018,New Brunswick,Utilities,3.3
597,2019,New Brunswick,Utilities,3.6
598,2020,New Brunswick,Utilities,3.7
599,2021,New Brunswick,Utilities,3.9
600,2017,New Brunswick,Construction,24.6
601,2018,New Brunswick,Construction,23.5
602,2019,New Brunswick,Construction,25.0
603,2020,New Brunswick,Construction,24.2
604,2021,New Brunswick,Construction,23.5
605,2017,New Brunswick,Manufacturing,32.3
606,2018,New Brunswick,Manufacturing,32.2
607,2019,New Brunswick,Manufacturing,31.5
608,2020,New Brunswick,Manufacturing,29.6
609,2021,New Brunswick,Manufacturing,29.0
610,2017,New Brunswick,Durables,14.9
611,2018,New Brunswick,Durables,16.7
612,2019,New Brunswick,Durables,14.6
613,2020,New Brunswick,Durables,13.3
614,2021,New Brunswick,Durables,12.8
615,2017,New Brunswick,Non-durables,17.4
616,2018,New Brunswick,Non-durables,15.5
617,2019,New Brunswick,Non-durables,16.9
618,2020,New Brunswick,Non-durables,16.3
619,2021,New Brunswick,Non-durables,16.2
620,2017,New Brunswick,Services-producing sector,282.1
621,2018,New Brunswick,Services-producing sector,283.4
622,2019,New Brunswick,Services-producing sector,285.0
623,2020,New Brunswick,Services-producing sector,279.4
624,2021,New Brunswick,Services-producing sector,289.8
625,2017,New Brunswick,Wholesale and retail trade,57.6
626,2018,New Brunswick,Wholesale and retail trade,54.3
627,2019,New Brunswick,Wholesale and retail trade,52.1
628,2020,New Brunswick,Wholesale and retail trade,55.1
629,2021,New Brunswick,Wholesale and retail trade,56.2
630,2017,New Brunswick,Wholesale trade,11.2
631,2018,New Brunswick,Wholesale trade,8.0
632,2019,New Brunswick,Wholesale trade,8.9
633,2020,New Brunswick,Wholesale trade,9.7
634,2021,New Brunswick,Wholesale trade,9.9
635,2017,New Brunswick,Retail trade,46.5
636,2018,New Brunswick,Retail trade,46.3
637,2019,New Brunswick,Retail trade,43.2
638,2020,New Brunswick,Retail trade,45.3
639,2021,New Brunswick,Retail trade,46.3
640,2017,New Brunswick,Transportation and warehousing,17.6
641,2018,New Brunswick,Transportation and warehousing,18.3
642,2019,New Brunswick,Transportation and warehousing,18.9
643,2020,New Brunswick,Transportation and warehousing,17.5
644,2021,New Brunswick,Transportation and warehousing,18.9
645,2017,New Brunswick,"Finance, insurance, real estate, rental and leasing",17.5
646,2018,New Brunswick,"Finance, insurance, real estate, rental and leasing",17.0
647,2019,New Brunswick,"Finance, insurance, real estate, rental and leasing",16.7
648,2020,New Brunswick,"Finance, insurance, real estate, rental and leasing",16.3
649,2021,New Brunswick,"Finance, insurance, real estate, rental and leasing",17.4
650,2017,New Brunswick,Finance and insurance,13.2
651,2018,New Brunswick,Finance and insurance,12.3
652,2019,New Brunswick,Finance and insurance,12.1
653,2020,New Brunswick,Finance and insurance,12.5
654,2021,New Brunswick,Finance and insurance,13.2
655,2017,New Brunswick,Real estate and rental and leasing,4.3
656,2018,New Brunswick,Real estate and rental and leasing,4.7
657,2019,New Brunswick,Real estate and rental and leasing,4.6
658,2020,New Brunswick,Real estate and rental and leasing,3.8
659,2021,New Brunswick,Real estate and rental and leasing,4.3
660,2017,New Brunswick,"Professional, scientific and technical services",15.6
661,2018,New Brunswick,"Professional, scientific and technical services",16.4
662,2019,New Brunswick,"Professional, scientific and technical services",17.2
663,2020,New Brunswick,"Professional, scientific and technical services",17.5
664,2021,New Brunswick,"Professional, scientific and technical services",17.9
665,2017,New Brunswick,"Business, building and other support services",16.1
666,2018,New Brunswick,"Business, building and other support services",16.3
667,2019,New Brunswick,"Business, building and other support services",16.3
668,2020,New Brunswick,"Business, building and other support services",15.2
669,2021,New Brunswick,"Business, building and other support services",15.0
670,2017,New Brunswick,Educational services,26.3
671,2018,New Brunswick,Educational services,26.8
672,2019,New Brunswick,Educational services,27.5
673,2020,New Brunswick,Educational services,26.8
674,2021,New Brunswick,Educational services,28.7
675,2017,New Brunswick,Health care and social assistance,57.9
676,2018,New Brunswick,Health care and social assistance,60.3
677,2019,New Brunswick,Health care and social assistance,61.0
678,2020,New Brunswick,Health care and social assistance,59.4
679,2021,New Brunswick,Health care and social assistance,59.4
680,2017,New Brunswick,"Information, culture and recreation",11.0
681,2018,New Brunswick,"Information, culture and recreation",11.5
682,2019,New Brunswick,"Information, culture and recreation",13.1
683,2020,New Brunswick,"Information, culture and recreation",10.2
684,2021,New Brunswick,"Information, culture and recreation",9.8
685,2017,New Brunswick,Accommodation and food services,24.2
686,2018,New Brunswick,Accommodation and food services,23.6
687,2019,New Brunswick,Accommodation and food services,21.9
688,2020,New Brunswick,Accommodation and food services,19.9
689,2021,New Brunswick,Accommodation and food services,21.0
690,2017,New Brunswick,Other services (except public administration),14.9
691,2018,New Brunswick,Other services (except public administration),14.4
692,2019,New Brunswick,Other services (except public administration),14.0
693,2020,New Brunswick,Other services (except public administration),13.7
694,2021,New Brunswick,Other services (except public administration),14.8
695,2017,New Brunswick,Public administration,23.3
696,2018,New Brunswick,Public administration,24.6
697,2019,New Brunswick,Public administration,26.2
698,2020,New Brunswick,Public administration,27.9
699,2021,New Brunswick,Public administration,30.7
700,2017,Quebec,"Total, all industries",4158.6
701,2018,Quebec,"Total, all industries",4221.7
702,2019,Quebec,"Total, all industries",4308.1
703,2020,Quebec,"Total, all industries",4099.6
704,2021,Quebec,"Total, all industries",4269.0
705,2017,Quebec,Goods-producing sector,848.1
706,2018,Quebec,Goods-producing sector,858.9
707,2019,Quebec,Goods-producing sector,885.7
708,2020,Quebec,Goods-producing sector,846.8
709,2021,Quebec,Goods-producing sector,892.5
710,2017,Quebec,Agriculture,57.5
711,2018,Quebec,Agriculture,56.2
712,2019,Quebec,Agriculture,55.7
713,2020,Quebec,Agriculture,56.4
714,2021,Quebec,Agriculture,56.6
715,2017,Quebec,"Forestry, fishing, mining, quarrying, oil and gas",34.5
716,2018,Quebec,"Forestry, fishing, mining, quarrying, oil and gas",39.0
717,2019,Quebec,"Forestry, fishing, mining, quarrying, oil and gas",40.8
718,2020,Quebec,"Forestry, fishing, mining, quarrying, oil and gas",36.3
719,2021,Quebec,"Forestry, fishing, mining, quarrying, oil and gas",39.0
720,2017,Quebec,Forestry and logging and support activities for forestry,11.6
721,2018,Quebec,Forestry and logging and support activities for forestry,14.7
722,2019,Quebec,Forestry and logging and support activities for forestry,14.1
723,2020,Quebec,Forestry and logging and support activities for forestry,12.9
724,2021,Quebec,Forestry and logging and support activities for forestry,15.2
725,2017,Quebec,"Fishing, hunting and trapping",1.8
726,2018,Quebec,"Fishing, hunting and trapping",
727,2019,Quebec,"Fishing, hunting and trapping",
728,2020,Quebec,"Fishing, hunting and trapping",
729,2021,Quebec,"Fishing, hunting and trapping",
730,2017,Quebec,"Mining, quarrying, and oil and gas extraction",21.2
731,2018,Quebec,"Mining, quarrying, and oil and gas extraction",23.2
732,2019,Quebec,"Mining, quarrying, and oil and gas extraction",26.0
733,2020,Quebec,"Mining, quarrying, and oil and gas extraction",22.1
734,2021,Quebec,"Mining, quarrying, and oil and gas extraction",22.9
735,2017,Quebec,Utilities,24.4
736,2018,Quebec,Utilities,26.1
737,2019,Quebec,Utilities,25.4
738,2020,Quebec,Utilities,24.2
739,2021,Quebec,Utilities,27.4
740,2017,Quebec,Construction,243.3
741,2018,Quebec,Construction,248.7
742,2019,Quebec,Construction,266.6
743,2020,Quebec,Construction,256.0
744,2021,Quebec,Construction,287.0
745,2017,Quebec,Manufacturing,488.2
746,2018,Quebec,Manufacturing,488.9
747,2019,Quebec,Manufacturing,497.2
748,2020,Quebec,Manufacturing,474.0
749,2021,Quebec,Manufacturing,482.5
750,2017,Quebec,Durables,275.6
751,2018,Quebec,Durables,281.5
752,2019,Quebec,Durables,293.1
753,2020,Quebec,Durables,277.7
754,2021,Quebec,Durables,281.5
755,2017,Quebec,Non-durables,212.7
756,2018,Quebec,Non-durables,207.3
757,2019,Quebec,Non-durables,204.1
758,2020,Quebec,Non-durables,196.3
759,2021,Quebec,Non-durables,201.0
760,2017,Quebec,Services-producing sector,3310.5
761,2018,Quebec,Services-producing sector,3362.8
762,2019,Quebec,Services-producing sector,3422.4
763,2020,Quebec,Services-producing sector,3252.8
764,2021,Quebec,Services-producing sector,3376.5
765,2017,Quebec,Wholesale and retail trade,655.1
766,2018,Quebec,Wholesale and retail trade,655.3
767,2019,Quebec,Wholesale and retail trade,657.4
768,2020,Quebec,Wholesale and retail trade,636.7
769,2021,Quebec,Wholesale and retail trade,643.4
770,2017,Quebec,Wholesale trade,155.7
771,2018,Quebec,Wholesale trade,154.2
772,2019,Quebec,Wholesale trade,134.8
773,2020,Quebec,Wholesale trade,138.7
774,2021,Quebec,Wholesale trade,149.7
775,2017,Quebec,Retail trade,499.4
776,2018,Quebec,Retail trade,501.1
777,2019,Quebec,Retail trade,522.6
778,2020,Quebec,Retail trade,497.9
779,2021,Quebec,Retail trade,493.7
780,2017,Quebec,Transportation and warehousing,205.4
781,2018,Quebec,Transportation and warehousing,219.6
782,2019,Quebec,Transportation and warehousing,239.4
783,2020,Quebec,Transportation and warehousing,225.7
784,2021,Quebec,Transportation and warehousing,227.9
785,2017,Quebec,"Finance, insurance, real estate, rental and leasing",226.8
786,2018,Quebec,"Finance, insurance, real estate, rental and leasing",234.3
787,2019,Quebec,"Finance, insurance, real estate, rental and leasing",238.7
788,2020,Quebec,"Finance, insurance, real estate, rental and leasing",247.9
789,2021,Quebec,"Finance, insurance, real estate, rental and leasing",276.4
790,2017,Quebec,Finance and insurance,173.2
791,2018,Quebec,Finance and insurance,174.6
792,2019,Quebec,Finance and insurance,180.8
793,2020,Quebec,Finance and insurance,193.4
794,2021,Quebec,Finance and insurance,213.9
795,2017,Quebec,Real estate and rental and leasing,53.5
796,2018,Quebec,Real estate and rental and leasing,59.7
797,2019,Quebec,Real estate and rental and leasing,58.0
798,2020,Quebec,Real estate and rental and leasing,54.5
799,2021,Quebec,Real estate and rental and leasing,62.5
800,2017,Quebec,"Professional, scientific and technical services",319.0
801,2018,Quebec,"Professional, scientific and technical services",324.9
802,2019,Quebec,"Professional, scientific and technical services",346.0
803,2020,Quebec,"Professional, scientific and technical services",341.4
804,2021,Quebec,"Professional, scientific and technical services",365.7
805,2017,Quebec,"Business, building and other support services",179.5
806,2018,Quebec,"Business, building and other support services",188.7
807,2019,Quebec,"Business, building and other support services",177.8
808,2020,Quebec,"Business, building and other support services",161.0
809,2021,Quebec,"Business, building and other support services",161.6
810,2017,Quebec,Educational services,285.1
811,2018,Quebec,Educational services,289.6
812,2019,Quebec,Educational services,300.3
813,2020,Quebec,Educational services,312.8
814,2021,Quebec,Educational services,355.0
815,2017,Quebec,Health care and social assistance,570.8
816,2018,Quebec,Health care and social assistance,585.6
817,2019,Quebec,Health care and social assistance,606.4
818,2020,Quebec,Health care and social assistance,591.0
819,2021,Quebec,Health care and social assistance,596.6
820,2017,Quebec,"Information, culture and recreation",181.1
821,2018,Quebec,"Information, culture and recreation",176.7
822,2019,Quebec,"Information, culture and recreation",172.7
823,2020,Quebec,"Information, culture and recreation",158.5
824,2021,Quebec,"Information, culture and recreation",153.6
825,2017,Quebec,Accommodation and food services,270.6
826,2018,Quebec,Accommodation and food services,271.4
827,2019,Quebec,Accommodation and food services,254.4
828,2020,Quebec,Accommodation and food services,190.5
829,2021,Quebec,Accommodation and food services,184.1
830,2017,Quebec,Other services (except public administration),173.4
831,2018,Quebec,Other services (except public administration),175.0
832,2019,Quebec,Other services (except public administration),180.4
833,2020,Quebec,Other services (except public administration),151.0
834,2021,Quebec,Other services (except public administration),155.0
835,2017,Quebec,Public administration,243.8
836,2018,Quebec,Public administration,241.7
837,2019,Quebec,Public administration,248.9
838,2020,Quebec,Public administration,236.5
839,2021,Quebec,Public administration,257.3
840,2017,Ontario,"Total, all industries",7052.5
841,2018,Ontario,"Total, all industries",7173.3
842,2019,Ontario,"Total, all industries",7376.9
843,2020,Ontario,"Total, all industries",7021.6
844,2021,Ontario,"Total, all industries",7366.4
845,2017,Ontario,Goods-producing sector,1439.4
846,2018,Ontario,Goods-producing sector,1463.9
847,2019,Ontario,Goods-producing sector,1467.3
848,2020,Ontario,Goods-producing sector,1410.7
849,2021,Ontario,Goods-producing sector,1466.6
850,2017,Ontario,Agriculture,72.6
851,2018,Ontario,Agriculture,71.9
852,2019,Ontario,Agriculture,75.0
853,2020,Ontario,Agriculture,71.8
854,2021,Ontario,Agriculture,67.4
855,2017,Ontario,"Forestry, fishing, mining, quarrying, oil and gas",35.8
856,2018,Ontario,"Forestry, fishing, mining, quarrying, oil and gas",35.2
857,2019,Ontario,"Forestry, fishing, mining, quarrying, oil and gas",35.1
858,2020,Ontario,"Forestry, fishing, mining, quarrying, oil and gas",36.1
859,2021,Ontario,"Forestry, fishing, mining, quarrying, oil and gas",35.8
860,2017,Ontario,Forestry and logging and support activities for forestry,5.7
861,2018,Ontario,Forestry and logging and support activities for forestry,5.7
862,2019,Ontario,Forestry and logging and support activities for forestry,5.1
863,2020,Ontario,Forestry and logging and support activities for forestry,8.5
864,2021,Ontario,Forestry and logging and support activities for forestry,6.0
865,2017,Ontario,"Fishing, hunting and trapping",
866,2018,Ontario,"Fishing, hunting and trapping",
867,2019,Ontario,"Fishing, hunting and trapping",
868,2020,Ontario,"Fishing, hunting and trapping",
869,2021,Ontario,"Fishing, hunting and trapping",
870,2017,Ontario,"Mining, quarrying, and oil and gas extraction",29.5
871,2018,Ontario,"Mining, quarrying, and oil and gas extraction",29.3
872,2019,Ontario,"Mining, quarrying, and oil and gas extraction",29.5
873,2020,Ontario,"Mining, quarrying, and oil and gas extraction",26.6
874,2021,Ontario,"Mining, quarrying, and oil and gas extraction",29.2
875,2017,Ontario,Utilities,47.6
876,2018,Ontario,Utilities,57.7
877,2019,Ontario,Utilities,55.6
878,2020,Ontario,Utilities,50.5
879,2021,Ontario,Utilities,53.2
880,2017,Ontario,Construction,513.0
881,2018,Ontario,Construction,529.6
882,2019,Ontario,Construction,540.0
883,2020,Ontario,Construction,514.8
884,2021,Ontario,Construction,534.0
885,2017,Ontario,Manufacturing,770.4
886,2018,Ontario,Manufacturing,769.4
887,2019,Ontario,Manufacturing,761.5
888,2020,Ontario,Manufacturing,737.5
889,2021,Ontario,Manufacturing,776.2
890,2017,Ontario,Durables,506.4
891,2018,Ontario,Durables,496.9
892,2019,Ontario,Durables,477.5
893,2020,Ontario,Durables,467.0
894,2021,Ontario,Durables,487.0
895,2017,Ontario,Non-durables,264.0
896,2018,Ontario,Non-durables,272.5
897,2019,Ontario,Non-durables,284.0
898,2020,Ontario,Non-durables,270.6
899,2021,Ontario,Non-durables,289.2
900,2017,Ontario,Services-producing sector,5613.1
901,2018,Ontario,Services-producing sector,5709.5
902,2019,Ontario,Services-producing sector,5909.7
903,2020,Ontario,Services-producing sector,5610.9
904,2021,Ontario,Services-producing sector,5899.9
905,2017,Ontario,Wholesale and retail trade,1056.6
906,2018,Ontario,Wholesale and retail trade,1059.2
907,2019,Ontario,Wholesale and retail trade,1084.1
908,2020,Ontario,Wholesale and retail trade,1023.7
909,2021,Ontario,Wholesale and retail trade,1069.1
910,2017,Ontario,Wholesale trade,257.6
911,2018,Ontario,Wholesale trade,254.1
912,2019,Ontario,Wholesale trade,248.3
913,2020,Ontario,Wholesale trade,234.9
914,2021,Ontario,Wholesale trade,249.6
915,2017,Ontario,Retail trade,799.0
916,2018,Ontario,Retail trade,805.1
917,2019,Ontario,Retail trade,835.8
918,2020,Ontario,Retail trade,788.8
919,2021,Ontario,Retail trade,819.5
920,2017,Ontario,Transportation and warehousing,340.8
921,2018,Ontario,Transportation and warehousing,374.2
922,2019,Ontario,Transportation and warehousing,395.7
923,2020,Ontario,Transportation and warehousing,357.5
924,2021,Ontario,Transportation and warehousing,372.9
925,2017,Ontario,"Finance, insurance, real estate, rental and leasing",557.5
926,2018,Ontario,"Finance, insurance, real estate, rental and leasing",567.8
927,2019,Ontario,"Finance, insurance, real estate, rental and leasing",590.4
928,2020,Ontario,"Finance, insurance, real estate, rental and leasing",607.2
929,2021,Ontario,"Finance, insurance, real estate, rental and leasing",625.3
930,2017,Ontario,Finance and insurance,404.3
931,2018,Ontario,Finance and insurance,416.1
932,2019,Ontario,Finance and insurance,422.7
933,2020,Ontario,Finance and insurance,455.4
934,2021,Ontario,Finance and insurance,461.4
935,2017,Ontario,Real estate and rental and leasing,153.1
936,2018,Ontario,Real estate and rental and leasing,151.7
937,2019,Ontario,Real estate and rental and leasing,167.7
938,2020,Ontario,Real estate and rental and leasing,151.8
939,2021,Ontario,Real estate and rental and leasing,163.9
940,2017,Ontario,"Professional, scientific and technical services",620.7
941,2018,Ontario,"Professional, scientific and technical services",624.7
942,2019,Ontario,"Professional, scientific and technical services",668.0
943,2020,Ontario,"Professional, scientific and technical services",664.8
944,2021,Ontario,"Professional, scientific and technical services",738.5
945,2017,Ontario,"Business, building and other support services",308.3
946,2018,Ontario,"Business, building and other support services",313.3
947,2019,Ontario,"Business, building and other support services",312.6
948,2020,Ontario,"Business, building and other support services",294.9
949,2021,Ontario,"Business, building and other support services",287.3
950,2017,Ontario,Educational services,488.7
951,2018,Ontario,Educational services,516.6
952,2019,Ontario,Educational services,540.8
953,2020,Ontario,Educational services,515.8
954,2021,Ontario,Educational services,546.3
955,2017,Ontario,Health care and social assistance,859.1
956,2018,Ontario,Health care and social assistance,844.4
957,2019,Ontario,Health care and social assistance,900.5
958,2020,Ontario,Health care and social assistance,870.0
959,2021,Ontario,Health care and social assistance,918.7
960,2017,Ontario,"Information, culture and recreation",302.9
961,2018,Ontario,"Information, culture and recreation",306.3
962,2019,Ontario,"Information, culture and recreation",296.8
963,2020,Ontario,"Information, culture and recreation",271.9
964,2021,Ontario,"Information, culture and recreation",303.8
965,2017,Ontario,Accommodation and food services,443.5
966,2018,Ontario,Accommodation and food services,460.4
967,2019,Ontario,Accommodation and food services,448.9
968,2020,Ontario,Accommodation and food services,338.2
969,2021,Ontario,Accommodation and food services,356.3
970,2017,Ontario,Other services (except public administration),267.4
971,2018,Ontario,Other services (except public administration),285.7
972,2019,Ontario,Other services (except public administration),298.8
973,2020,Ontario,Other services (except public administration),285.2
974,2021,Ontario,Other services (except public administration),276.1
975,2017,Ontario,Public administration,367.8
976,2018,Ontario,Public administration,356.9
977,2019,Ontario,Public administration,373.0
978,2020,Ontario,Public administration,381.8
979,2021,Ontario,Public administration,405.6
980,2017,Manitoba,"Total, all industries",641.8
981,2018,Manitoba,"Total, all industries",649.0
982,2019,Manitoba,"Total, all industries",655.4
983,2020,Manitoba,"Total, all industries",630.9
984,2021,Manitoba,"Total, all industries",653.3
985,2017,Manitoba,Goods-producing sector,152.3
986,2018,Manitoba,Goods-producing sector,149.7
987,2019,Manitoba,Goods-producing sector,154.0
988,2020,Manitoba,Goods-producing sector,142.9
989,2021,Manitoba,Goods-producing sector,145.1
990,2017,Manitoba,Agriculture,24.6
991,2018,Manitoba,Agriculture,26.5
992,2019,Manitoba,Agriculture,25.6
993,2020,Manitoba,Agriculture,25.5
994,2021,Manitoba,Agriculture,23.9
995,2017,Manitoba,"Forestry, fishing, mining, quarrying, oil and gas",7.2
996,2018,Manitoba,"Forestry, fishing, mining, quarrying, oil and gas",6.6
997,2019,Manitoba,"Forestry, fishing, mining, quarrying, oil and gas",5.8
998,2020,Manitoba,"Forestry, fishing, mining, quarrying, oil and gas",4.6
999,2021,Manitoba,"Forestry, fishing, mining, quarrying, oil and gas",3.7
1000,2017,Manitoba,Forestry and logging and support activities for forestry,0.5
1001,2018,Manitoba,Forestry and logging and support activities for forestry,0.5
1002,2019,Manitoba,Forestry and logging and support activities for forestry,0.8
1003,2020,Manitoba,Forestry and logging and support activities for forestry,0.5
1004,2021,Manitoba,Forestry and logging and support activities for forestry,
1005,2017,Manitoba,"Fishing, hunting and trapping",
1006,2018,Manitoba,"Fishing, hunting and trapping",
1007,2019,Manitoba,"Fishing, hunting and trapping",
1008,2020,Manitoba,"Fishing, hunting and trapping",
1009,2021,Manitoba,"Fishing, hunting and trapping",
1010,2017,Manitoba,"Mining, quarrying, and oil and gas extraction",6.5
1011,2018,Manitoba,"Mining, quarrying, and oil and gas extraction",5.8
1012,2019,Manitoba,"Mining, quarrying, and oil and gas extraction",4.7
1013,2020,Manitoba,"Mining, quarrying, and oil and gas extraction",3.9
1014,2021,Manitoba,"Mining, quarrying, and oil and gas extraction",3.2
1015,2017,Manitoba,Utilities,8.9
1016,2018,Manitoba,Utilities,7.1
1017,2019,Manitoba,Utilities,6.5
1018,2020,Manitoba,Utilities,5.7
1019,2021,Manitoba,Utilities,4.8
1020,2017,Manitoba,Construction,47.8
1021,2018,Manitoba,Construction,47.4
1022,2019,Manitoba,Construction,51.1
1023,2020,Manitoba,Construction,47.1
1024,2021,Manitoba,Construction,48.9
1025,2017,Manitoba,Manufacturing,63.8
1026,2018,Manitoba,Manufacturing,62.2
1027,2019,Manitoba,Manufacturing,65.0
1028,2020,Manitoba,Manufacturing,60.0
1029,2021,Manitoba,Manufacturing,63.8
1030,2017,Manitoba,Durables,37.3
1031,2018,Manitoba,Durables,35.7
1032,2019,Manitoba,Durables,38.2
1033,2020,Manitoba,Durables,33.8
1034,2021,Manitoba,Durables,35.3
1035,2017,Manitoba,Non-durables,26.5
1036,2018,Manitoba,Non-durables,26.5
1037,2019,Manitoba,Non-durables,26.8
1038,2020,Manitoba,Non-durables,26.2
1039,2021,Manitoba,Non-durables,28.4
1040,2017,Manitoba,Services-producing sector,489.5
1041,2018,Manitoba,Services-producing sector,499.3
1042,2019,Manitoba,Services-producing sector,501.4
1043,2020,Manitoba,Services-producing sector,488.0
1044,2021,Manitoba,Services-producing sector,508.2
1045,2017,Manitoba,Wholesale and retail trade,90.9
1046,2018,Manitoba,Wholesale and retail trade,88.7
1047,2019,Manitoba,Wholesale and retail trade,88.6
1048,2020,Manitoba,Wholesale and retail trade,88.2
1049,2021,Manitoba,Wholesale and retail trade,95.0
1050,2017,Manitoba,Wholesale trade,20.6
1051,2018,Manitoba,Wholesale trade,18.9
1052,2019,Manitoba,Wholesale trade,18.3
1053,2020,Manitoba,Wholesale trade,19.3
1054,2021,Manitoba,Wholesale trade,21.9
1055,2017,Manitoba,Retail trade,70.4
1056,2018,Manitoba,Retail trade,69.8
1057,2019,Manitoba,Retail trade,70.3
1058,2020,Manitoba,Retail trade,68.9
1059,2021,Manitoba,Retail trade,73.1
1060,2017,Manitoba,Transportation and warehousing,36.2
1061,2018,Manitoba,Transportation and warehousing,38.9
1062,2019,Manitoba,Transportation and warehousing,41.9
1063,2020,Manitoba,Transportation and warehousing,39.2
1064,2021,Manitoba,Transportation and warehousing,41.2
1065,2017,Manitoba,"Finance, insurance, real estate, rental and leasing",37.0
1066,2018,Manitoba,"Finance, insurance, real estate, rental and leasing",35.1
1067,2019,Manitoba,"Finance, insurance, real estate, rental and leasing",33.7
1068,2020,Manitoba,"Finance, insurance, real estate, rental and leasing",33.7
1069,2021,Manitoba,"Finance, insurance, real estate, rental and leasing",35.8
1070,2017,Manitoba,Finance and insurance,28.7
1071,2018,Manitoba,Finance and insurance,26.3
1072,2019,Manitoba,Finance and insurance,25.4
1073,2020,Manitoba,Finance and insurance,24.6
1074,2021,Manitoba,Finance and insurance,27.8
1075,2017,Manitoba,Real estate and rental and leasing,8.3
1076,2018,Manitoba,Real estate and rental and leasing,8.8
1077,2019,Manitoba,Real estate and rental and leasing,8.3
1078,2020,Manitoba,Real estate and rental and leasing,9.1
1079,2021,Manitoba,Real estate and rental and leasing,8.0
1080,2017,Manitoba,"Professional, scientific and technical services",28.4
1081,2018,Manitoba,"Professional, scientific and technical services",29.5
1082,2019,Manitoba,"Professional, scientific and technical services",29.7
1083,2020,Manitoba,"Professional, scientific and technical services",31.3
1084,2021,Manitoba,"Professional, scientific and technical services",32.2
1085,2017,Manitoba,"Business, building and other support services",19.7
1086,2018,Manitoba,"Business, building and other support services",21.1
1087,2019,Manitoba,"Business, building and other support services",22.4
1088,2020,Manitoba,"Business, building and other support services",22.0
1089,2021,Manitoba,"Business, building and other support services",21.1
1090,2017,Manitoba,Educational services,51.1
1091,2018,Manitoba,Educational services,51.8
1092,2019,Manitoba,Educational services,51.5
1093,2020,Manitoba,Educational services,54.2
1094,2021,Manitoba,Educational services,57.7
1095,2017,Manitoba,Health care and social assistance,101.3
1096,2018,Manitoba,Health care and social assistance,104.2
1097,2019,Manitoba,Health care and social assistance,104.7
1098,2020,Manitoba,Health care and social assistance,101.2
1099,2021,Manitoba,Health care and social assistance,104.1
1100,2017,Manitoba,"Information, culture and recreation",22.8
1101,2018,Manitoba,"Information, culture and recreation",23.2
1102,2019,Manitoba,"Information, culture and recreation",22.6
1103,2020,Manitoba,"Information, culture and recreation",19.7
1104,2021,Manitoba,"Information, culture and recreation",21.6
1105,2017,Manitoba,Accommodation and food services,42.2
1106,2018,Manitoba,Accommodation and food services,43.2
1107,2019,Manitoba,Accommodation and food services,42.6
1108,2020,Manitoba,Accommodation and food services,34.5
1109,2021,Manitoba,Accommodation and food services,33.5
1110,2017,Manitoba,Other services (except public administration),27.3
1111,2018,Manitoba,Other services (except public administration),29.3
1112,2019,Manitoba,Other services (except public administration),27.5
1113,2020,Manitoba,Other services (except public administration),28.1
1114,2021,Manitoba,Other services (except public administration),27.8
1115,2017,Manitoba,Public administration,32.7
1116,2018,Manitoba,Public administration,34.4
1117,2019,Manitoba,Public administration,36.2
1118,2020,Manitoba,Public administration,35.7
1119,2021,Manitoba,Public administration,38.0
1120,2017,Saskatchewan,"Total, all industries",557.6
1121,2018,Saskatchewan,"Total, all industries",560.3
1122,2019,Saskatchewan,"Total, all industries",570.9
1123,2020,Saskatchewan,"Total, all industries",544.1
1124,2021,Saskatchewan,"Total, all industries",558.2
1125,2017,Saskatchewan,Goods-producing sector,146.7
1126,2018,Saskatchewan,Goods-producing sector,144.5
1127,2019,Saskatchewan,Goods-producing sector,145.5
1128,2020,Saskatchewan,Goods-producing sector,133.7
1129,2021,Saskatchewan,Goods-producing sector,129.6
1130,2017,Saskatchewan,Agriculture,38.0
1131,2018,Saskatchewan,Agriculture,38.6
1132,2019,Saskatchewan,Agriculture,40.8
1133,2020,Saskatchewan,Agriculture,36.9
1134,2021,Saskatchewan,Agriculture,28.8
1135,2017,Saskatchewan,"Forestry, fishing, mining, quarrying, oil and gas",24.2
1136,2018,Saskatchewan,"Forestry, fishing, mining, quarrying, oil and gas",23.9
1137,2019,Saskatchewan,"Forestry, fishing, mining, quarrying, oil and gas",23.0
1138,2020,Saskatchewan,"Forestry, fishing, mining, quarrying, oil and gas",19.8
1139,2021,Saskatchewan,"Forestry, fishing, mining, quarrying, oil and gas",19.6
1140,2017,Saskatchewan,Forestry and logging and support activities for forestry,0.5
1141,2018,Saskatchewan,Forestry and logging and support activities for forestry,0.8
1142,2019,Saskatchewan,Forestry and logging and support activities for forestry,0.7
1143,2020,Saskatchewan,Forestry and logging and support activities for forestry,0.6
1144,2021,Saskatchewan,Forestry and logging and support activities for forestry,0.7
1145,2017,Saskatchewan,"Fishing, hunting and trapping",
1146,2018,Saskatchewan,"Fishing, hunting and trapping",
1147,2019,Saskatchewan,"Fishing, hunting and trapping",
1148,2020,Saskatchewan,"Fishing, hunting and trapping",
1149,2021,Saskatchewan,"Fishing, hunting and trapping",
1150,2017,Saskatchewan,"Mining, quarrying, and oil and gas extraction",23.5
1151,2018,Saskatchewan,"Mining, quarrying, and oil and gas extraction",23.0
1152,2019,Saskatchewan,"Mining, quarrying, and oil and gas extraction",22.2
1153,2020,Saskatchewan,"Mining, quarrying, and oil and gas extraction",19.2
1154,2021,Saskatchewan,"Mining, quarrying, and oil and gas extraction",18.8
1155,2017,Saskatchewan,Utilities,6.6
1156,2018,Saskatchewan,Utilities,6.8
1157,2019,Saskatchewan,Utilities,6.2
1158,2020,Saskatchewan,Utilities,5.9
1159,2021,Saskatchewan,Utilities,6.0
1160,2017,Saskatchewan,Construction,50.5
1161,2018,Saskatchewan,Construction,48.4
1162,2019,Saskatchewan,Construction,45.8
1163,2020,Saskatchewan,Construction,40.2
1164,2021,Saskatchewan,Construction,43.2
1165,2017,Saskatchewan,Manufacturing,27.4
1166,2018,Saskatchewan,Manufacturing,26.8
1167,2019,Saskatchewan,Manufacturing,29.7
1168,2020,Saskatchewan,Manufacturing,31.0
1169,2021,Saskatchewan,Manufacturing,31.9
1170,2017,Saskatchewan,Durables,17.4
1171,2018,Saskatchewan,Durables,16.1
1172,2019,Saskatchewan,Durables,18.2
1173,2020,Saskatchewan,Durables,18.5
1174,2021,Saskatchewan,Durables,18.9
1175,2017,Saskatchewan,Non-durables,10.0
1176,2018,Saskatchewan,Non-durables,10.7
1177,2019,Saskatchewan,Non-durables,11.5
1178,2020,Saskatchewan,Non-durables,12.5
1179,2021,Saskatchewan,Non-durables,13.0
1180,2017,Saskatchewan,Services-producing sector,410.9
1181,2018,Saskatchewan,Services-producing sector,415.7
1182,2019,Saskatchewan,Services-producing sector,425.4
1183,2020,Saskatchewan,Services-producing sector,410.4
1184,2021,Saskatchewan,Services-producing sector,428.6
1185,2017,Saskatchewan,Wholesale and retail trade,90.0
1186,2018,Saskatchewan,Wholesale and retail trade,87.7
1187,2019,Saskatchewan,Wholesale and retail trade,84.4
1188,2020,Saskatchewan,Wholesale and retail trade,82.5
1189,2021,Saskatchewan,Wholesale and retail trade,92.5
1190,2017,Saskatchewan,Wholesale trade,23.1
1191,2018,Saskatchewan,Wholesale trade,22.8
1192,2019,Saskatchewan,Wholesale trade,22.9
1193,2020,Saskatchewan,Wholesale trade,22.3
1194,2021,Saskatchewan,Wholesale trade,22.3
1195,2017,Saskatchewan,Retail trade,66.9
1196,2018,Saskatchewan,Retail trade,64.9
1197,2019,Saskatchewan,Retail trade,61.5
1198,2020,Saskatchewan,Retail trade,60.1
1199,2021,Saskatchewan,Retail trade,70.2
1200,2017,Saskatchewan,Transportation and warehousing,28.6
1201,2018,Saskatchewan,Transportation and warehousing,28.7
1202,2019,Saskatchewan,Transportation and warehousing,26.1
1203,2020,Saskatchewan,Transportation and warehousing,24.6
1204,2021,Saskatchewan,Transportation and warehousing,23.6
1205,2017,Saskatchewan,"Finance, insurance, real estate, rental and leasing",26.6
1206,2018,Saskatchewan,"Finance, insurance, real estate, rental and leasing",28.0
1207,2019,Saskatchewan,"Finance, insurance, real estate, rental and leasing",29.3
1208,2020,Saskatchewan,"Finance, insurance, real estate, rental and leasing",28.7
1209,2021,Saskatchewan,"Finance, insurance, real estate, rental and leasing",28.2
1210,2017,Saskatchewan,Finance and insurance,19.2
1211,2018,Saskatchewan,Finance and insurance,19.8
1212,2019,Saskatchewan,Finance and insurance,21.1
1213,2020,Saskatchewan,Finance and insurance,21.4
1214,2021,Saskatchewan,Finance and insurance,21.3
1215,2017,Saskatchewan,Real estate and rental and leasing,7.4
1216,2018,Saskatchewan,Real estate and rental and leasing,8.2
1217,2019,Saskatchewan,Real estate and rental and leasing,8.2
1218,2020,Saskatchewan,Real estate and rental and leasing,7.3
1219,2021,Saskatchewan,Real estate and rental and leasing,6.9
1220,2017,Saskatchewan,"Professional, scientific and technical services",28.7
1221,2018,Saskatchewan,"Professional, scientific and technical services",25.4
1222,2019,Saskatchewan,"Professional, scientific and technical services",26.9
1223,2020,Saskatchewan,"Professional, scientific and technical services",26.9
1224,2021,Saskatchewan,"Professional, scientific and technical services",27.9
1225,2017,Saskatchewan,"Business, building and other support services",13.3
1226,2018,Saskatchewan,"Business, building and other support services",15.0
1227,2019,Saskatchewan,"Business, building and other support services",15.5
1228,2020,Saskatchewan,"Business, building and other support services",15.8
1229,2021,Saskatchewan,"Business, building and other support services",15.5
1230,2017,Saskatchewan,Educational services,39.8
1231,2018,Saskatchewan,Educational services,42.1
1232,2019,Saskatchewan,Educational services,44.3
1233,2020,Saskatchewan,Educational services,43.3
1234,2021,Saskatchewan,Educational services,45.7
1235,2017,Saskatchewan,Health care and social assistance,75.6
1236,2018,Saskatchewan,Health care and social assistance,77.8
1237,2019,Saskatchewan,Health care and social assistance,79.7
1238,2020,Saskatchewan,Health care and social assistance,79.8
1239,2021,Saskatchewan,Health care and social assistance,86.8
1240,2017,Saskatchewan,"Information, culture and recreation",19.7
1241,2018,Saskatchewan,"Information, culture and recreation",19.3
1242,2019,Saskatchewan,"Information, culture and recreation",20.9
1243,2020,Saskatchewan,"Information, culture and recreation",17.2
1244,2021,Saskatchewan,"Information, culture and recreation",16.8
1245,2017,Saskatchewan,Accommodation and food services,35.1
1246,2018,Saskatchewan,Accommodation and food services,36.4
1247,2019,Saskatchewan,Accommodation and food services,39.9
1248,2020,Saskatchewan,Accommodation and food services,29.2
1249,2021,Saskatchewan,Accommodation and food services,30.0
1250,2017,Saskatchewan,Other services (except public administration),24.2
1251,2018,Saskatchewan,Other services (except public administration),25.3
1252,2019,Saskatchewan,Other services (except public administration),27.7
1253,2020,Saskatchewan,Other services (except public administration),29.1
1254,2021,Saskatchewan,Other services (except public administration),26.4
1255,2017,Saskatchewan,Public administration,29.2
1256,2018,Saskatchewan,Public administration,30.1
1257,2019,Saskatchewan,Public administration,30.8
1258,2020,Saskatchewan,Public administration,33.2
1259,2021,Saskatchewan,Public administration,35.2
1260,2017,Alberta,"Total, all industries",2220.8
1261,2018,Alberta,"Total, all industries",2263.6
1262,2019,Alberta,"Total, all industries",2279.3
1263,2020,Alberta,"Total, all industries",2129.8
1264,2021,Alberta,"Total, all industries",2239.2
1265,2017,Alberta,Goods-producing sector,562.2
1266,2018,Alberta,Goods-producing sector,586.8
1267,2019,Alberta,Goods-producing sector,580.9
1268,2020,Alberta,Goods-producing sector,535.6
1269,2021,Alberta,Goods-producing sector,542.1
1270,2017,Alberta,Agriculture,52.7
1271,2018,Alberta,Agriculture,49.1
1272,2019,Alberta,Agriculture,49.0
1273,2020,Alberta,Agriculture,42.5
1274,2021,Alberta,Agriculture,35.9
1275,2017,Alberta,"Forestry, fishing, mining, quarrying, oil and gas",137.0
1276,2018,Alberta,"Forestry, fishing, mining, quarrying, oil and gas",149.0
1277,2019,Alberta,"Forestry, fishing, mining, quarrying, oil and gas",141.8
1278,2020,Alberta,"Forestry, fishing, mining, quarrying, oil and gas",130.3
1279,2021,Alberta,"Forestry, fishing, mining, quarrying, oil and gas",141.4
1280,2017,Alberta,Forestry and logging and support activities for forestry,4.4
1281,2018,Alberta,Forestry and logging and support activities for forestry,5.8
1282,2019,Alberta,Forestry and logging and support activities for forestry,3.7
1283,2020,Alberta,Forestry and logging and support activities for forestry,5.1
1284,2021,Alberta,Forestry and logging and support activities for forestry,2.2
1285,2017,Alberta,"Fishing, hunting and trapping",
1286,2018,Alberta,"Fishing, hunting and trapping",
1287,2019,Alberta,"Fishing, hunting and trapping",
1288,2020,Alberta,"Fishing, hunting and trapping",
1289,2021,Alberta,"Fishing, hunting and trapping",
1290,2017,Alberta,"Mining, quarrying, and oil and gas extraction",132.6
1291,2018,Alberta,"Mining, quarrying, and oil and gas extraction",143.2
1292,2019,Alberta,"Mining, quarrying, and oil and gas extraction",138.0
1293,2020,Alberta,"Mining, quarrying, and oil and gas extraction",125.2
1294,2021,Alberta,"Mining, quarrying, and oil and gas extraction",139.3
1295,2017,Alberta,Utilities,20.0
1296,2018,Alberta,Utilities,22.7
1297,2019,Alberta,Utilities,23.7
1298,2020,Alberta,Utilities,22.9
1299,2021,Alberta,Utilities,20.3
1300,2017,Alberta,Construction,235.4
1301,2018,Alberta,Construction,237.6
1302,2019,Alberta,Construction,231.1
1303,2020,Alberta,Construction,214.0
1304,2021,Alberta,Construction,222.2
1305,2017,Alberta,Manufacturing,117.0
1306,2018,Alberta,Manufacturing,128.4
1307,2019,Alberta,Manufacturing,135.4
1308,2020,Alberta,Manufacturing,125.8
1309,2021,Alberta,Manufacturing,122.3
1310,2017,Alberta,Durables,67.1
1311,2018,Alberta,Durables,75.7
1312,2019,Alberta,Durables,78.6
1313,2020,Alberta,Durables,69.6
1314,2021,Alberta,Durables,70.2
1315,2017,Alberta,Non-durables,49.9
1316,2018,Alberta,Non-durables,52.7
1317,2019,Alberta,Non-durables,56.8
1318,2020,Alberta,Non-durables,56.2
1319,2021,Alberta,Non-durables,52.0
1320,2017,Alberta,Services-producing sector,1658.6
1321,2018,Alberta,Services-producing sector,1676.9
1322,2019,Alberta,Services-producing sector,1698.4
1323,2020,Alberta,Services-producing sector,1594.2
1324,2021,Alberta,Services-producing sector,1697.1
1325,2017,Alberta,Wholesale and retail trade,329.7
1326,2018,Alberta,Wholesale and retail trade,327.4
1327,2019,Alberta,Wholesale and retail trade,330.2
1328,2020,Alberta,Wholesale and retail trade,306.8
1329,2021,Alberta,Wholesale and retail trade,339.1
1330,2017,Alberta,Wholesale trade,91.0
1331,2018,Alberta,Wholesale trade,83.7
1332,2019,Alberta,Wholesale trade,84.5
1333,2020,Alberta,Wholesale trade,82.0
1334,2021,Alberta,Wholesale trade,75.1
1335,2017,Alberta,Retail trade,238.7
1336,2018,Alberta,Retail trade,243.7
1337,2019,Alberta,Retail trade,245.7
1338,2020,Alberta,Retail trade,224.8
1339,2021,Alberta,Retail trade,264.1
1340,2017,Alberta,Transportation and warehousing,132.2
1341,2018,Alberta,Transportation and warehousing,134.2
1342,2019,Alberta,Transportation and warehousing,134.0
1343,2020,Alberta,Transportation and warehousing,120.2
1344,2021,Alberta,Transportation and warehousing,130.9
1345,2017,Alberta,"Finance, insurance, real estate, rental and leasing",104.2
1346,2018,Alberta,"Finance, insurance, real estate, rental and leasing",100.6
1347,2019,Alberta,"Finance, insurance, real estate, rental and leasing",98.4
1348,2020,Alberta,"Finance, insurance, real estate, rental and leasing",104.1
1349,2021,Alberta,"Finance, insurance, real estate, rental and leasing",116.8
1350,2017,Alberta,Finance and insurance,63.1
1351,2018,Alberta,Finance and insurance,60.6
1352,2019,Alberta,Finance and insurance,59.4
1353,2020,Alberta,Finance and insurance,68.7
1354,2021,Alberta,Finance and insurance,72.8
1355,2017,Alberta,Real estate and rental and leasing,41.1
1356,2018,Alberta,Real estate and rental and leasing,40.0
1357,2019,Alberta,Real estate and rental and leasing,39.0
1358,2020,Alberta,Real estate and rental and leasing,35.4
1359,2021,Alberta,Real estate and rental and leasing,44.0
1360,2017,Alberta,"Professional, scientific and technical services",174.4
1361,2018,Alberta,"Professional, scientific and technical services",174.0
1362,2019,Alberta,"Professional, scientific and technical services",177.9
1363,2020,Alberta,"Professional, scientific and technical services",172.7
1364,2021,Alberta,"Professional, scientific and technical services",187.2
1365,2017,Alberta,"Business, building and other support services",77.4
1366,2018,Alberta,"Business, building and other support services",82.0
1367,2019,Alberta,"Business, building and other support services",80.6
1368,2020,Alberta,"Business, building and other support services",70.4
1369,2021,Alberta,"Business, building and other support services",72.4
1370,2017,Alberta,Educational services,148.2
1371,2018,Alberta,Educational services,152.9
1372,2019,Alberta,Educational services,152.9
1373,2020,Alberta,Educational services,147.4
1374,2021,Alberta,Educational services,168.9
1375,2017,Alberta,Health care and social assistance,265.8
1376,2018,Alberta,Health care and social assistance,268.8
1377,2019,Alberta,Health care and social assistance,285.3
1378,2020,Alberta,Health care and social assistance,289.1
1379,2021,Alberta,Health care and social assistance,302.7
1380,2017,Alberta,"Information, culture and recreation",71.5
1381,2018,Alberta,"Information, culture and recreation",75.1
1382,2019,Alberta,"Information, culture and recreation",74.2
1383,2020,Alberta,"Information, culture and recreation",71.2
1384,2021,Alberta,"Information, culture and recreation",64.8
1385,2017,Alberta,Accommodation and food services,145.0
1386,2018,Alberta,Accommodation and food services,144.9
1387,2019,Alberta,Accommodation and food services,143.6
1388,2020,Alberta,Accommodation and food services,113.0
1389,2021,Alberta,Accommodation and food services,114.0
1390,2017,Alberta,Other services (except public administration),110.5
1391,2018,Alberta,Other services (except public administration),110.3
1392,2019,Alberta,Other services (except public administration),109.9
1393,2020,Alberta,Other services (except public administration),97.2
1394,2021,Alberta,Other services (except public administration),97.6
1395,2017,Alberta,Public administration,99.6
1396,2018,Alberta,Public administration,106.7
1397,2019,Alberta,Public administration,111.4
1398,2020,Alberta,Public administration,102.1
1399,2021,Alberta,Public administration,102.7
1400,2017,British Columbia,"Total, all industries",2554.4
1401,2018,British Columbia,"Total, all industries",2589.9
1402,2019,British Columbia,"Total, all industries",2666.4
1403,2020,British Columbia,"Total, all industries",2491.1
1404,2021,British Columbia,"Total, all industries",2655.7
1405,2017,British Columbia,Goods-producing sector,510.9
1406,2018,British Columbia,Goods-producing sector,520.6
1407,2019,British Columbia,Goods-producing sector,512.0
1408,2020,British Columbia,Goods-producing sector,483.2
1409,2021,British Columbia,Goods-producing sector,485.1
1410,2017,British Columbia,Agriculture,26.2
1411,2018,British Columbia,Agriculture,25.1
1412,2019,British Columbia,Agriculture,28.7
1413,2020,British Columbia,Agriculture,30.3
1414,2021,British Columbia,Agriculture,22.4
1415,2017,British Columbia,"Forestry, fishing, mining, quarrying, oil and gas",52.9
1416,2018,British Columbia,"Forestry, fishing, mining, quarrying, oil and gas",52.5
1417,2019,British Columbia,"Forestry, fishing, mining, quarrying, oil and gas",48.4
1418,2020,British Columbia,"Forestry, fishing, mining, quarrying, oil and gas",44.8
1419,2021,British Columbia,"Forestry, fishing, mining, quarrying, oil and gas",49.5
1420,2017,British Columbia,Forestry and logging and support activities for forestry,19.8
1421,2018,British Columbia,Forestry and logging and support activities for forestry,18.8
1422,2019,British Columbia,Forestry and logging and support activities for forestry,17.9
1423,2020,British Columbia,Forestry and logging and support activities for forestry,17.2
1424,2021,British Columbia,Forestry and logging and support activities for forestry,19.4
1425,2017,British Columbia,"Fishing, hunting and trapping",2.4
1426,2018,British Columbia,"Fishing, hunting and trapping",3.4
1427,2019,British Columbia,"Fishing, hunting and trapping",1.9
1428,2020,British Columbia,"Fishing, hunting and trapping",2.9
1429,2021,British Columbia,"Fishing, hunting and trapping",1.8
1430,2017,British Columbia,"Mining, quarrying, and oil and gas extraction",30.8
1431,2018,British Columbia,"Mining, quarrying, and oil and gas extraction",30.2
1432,2019,British Columbia,"Mining, quarrying, and oil and gas extraction",28.7
1433,2020,British Columbia,"Mining, quarrying, and oil and gas extraction",24.6
1434,2021,British Columbia,"Mining, quarrying, and oil and gas extraction",28.2
1435,2017,British Columbia,Utilities,13.8
1436,2018,British Columbia,Utilities,14.5
1437,2019,British Columbia,Utilities,12.8
1438,2020,British Columbia,Utilities,18.6
1439,2021,British Columbia,Utilities,18.1
1440,2017,British Columbia,Construction,235.7
1441,2018,British Columbia,Construction,248.1
1442,2019,British Columbia,Construction,249.6
1443,2020,British Columbia,Construction,221.6
1444,2021,British Columbia,Construction,215.8
1445,2017,British Columbia,Manufacturing,182.3
1446,2018,British Columbia,Manufacturing,180.4
1447,2019,British Columbia,Manufacturing,172.4
1448,2020,British Columbia,Manufacturing,167.9
1449,2021,British Columbia,Manufacturing,179.3
1450,2017,British Columbia,Durables,107.2
1451,2018,British Columbia,Durables,105.3
1452,2019,British Columbia,Durables,107.5
1453,2020,British Columbia,Durables,98.1
1454,2021,British Columbia,Durables,102.6
1455,2017,British Columbia,Non-durables,75.2
1456,2018,British Columbia,Non-durables,75.1
1457,2019,British Columbia,Non-durables,64.9
1458,2020,British Columbia,Non-durables,69.8
1459,2021,British Columbia,Non-durables,76.7
1460,2017,British Columbia,Services-producing sector,2043.5
1461,2018,British Columbia,Services-producing sector,2069.2
1462,2019,British Columbia,Services-producing sector,2154.4
1463,2020,British Columbia,Services-producing sector,2007.8
1464,2021,British Columbia,Services-producing sector,2170.6
1465,2017,British Columbia,Wholesale and retail trade,387.5
1466,2018,British Columbia,Wholesale and retail trade,385.6
1467,2019,British Columbia,Wholesale and retail trade,399.2
1468,2020,British Columbia,Wholesale and retail trade,375.4
1469,2021,British Columbia,Wholesale and retail trade,403.2
1470,2017,British Columbia,Wholesale trade,86.0
1471,2018,British Columbia,Wholesale trade,84.7
1472,2019,British Columbia,Wholesale trade,88.8
1473,2020,British Columbia,Wholesale trade,88.7
1474,2021,British Columbia,Wholesale trade,86.2
1475,2017,British Columbia,Retail trade,301.6
1476,2018,British Columbia,Retail trade,301.0
1477,2019,British Columbia,Retail trade,310.4
1478,2020,British Columbia,Retail trade,286.7
1479,2021,British Columbia,Retail trade,317.0
1480,2017,British Columbia,Transportation and warehousing,141.4
1481,2018,British Columbia,Transportation and warehousing,141.1
1482,2019,British Columbia,Transportation and warehousing,146.9
1483,2020,British Columbia,Transportation and warehousing,134.3
1484,2021,British Columbia,Transportation and warehousing,139.2
1485,2017,British Columbia,"Finance, insurance, real estate, rental and leasing",160.5
1486,2018,British Columbia,"Finance, insurance, real estate, rental and leasing",154.6
1487,2019,British Columbia,"Finance, insurance, real estate, rental and leasing",165.1
1488,2020,British Columbia,"Finance, insurance, real estate, rental and leasing",163.7
1489,2021,British Columbia,"Finance, insurance, real estate, rental and leasing",167.7
1490,2017,British Columbia,Finance and insurance,101.1
1491,2018,British Columbia,Finance and insurance,96.5
1492,2019,British Columbia,Finance and insurance,102.1
1493,2020,British Columbia,Finance and insurance,105.5
1494,2021,British Columbia,Finance and insurance,113.2
1495,2017,British Columbia,Real estate and rental and leasing,59.4
1496,2018,British Columbia,Real estate and rental and leasing,58.0
1497,2019,British Columbia,Real estate and rental and leasing,63.0
1498,2020,British Columbia,Real estate and rental and leasing,58.2
1499,2021,British Columbia,Real estate and rental and leasing,54.5
1500,2017,British Columbia,"Professional, scientific and technical services",202.6
1501,2018,British Columbia,"Professional, scientific and technical services",215.4
1502,2019,British Columbia,"Professional, scientific and technical services",230.6
1503,2020,British Columbia,"Professional, scientific and technical services",230.6
1504,2021,British Columbia,"Professional, scientific and technical services",254.6
1505,2017,British Columbia,"Business, building and other support services",107.2
1506,2018,British Columbia,"Business, building and other support services",103.0
1507,2019,British Columbia,"Business, building and other support services",115.7
1508,2020,British Columbia,"Business, building and other support services",97.7
1509,2021,British Columbia,"Business, building and other support services",107.6
1510,2017,British Columbia,Educational services,171.6
1511,2018,British Columbia,Educational services,173.9
1512,2019,British Columbia,Educational services,183.7
1513,2020,British Columbia,Educational services,178.7
1514,2021,British Columbia,Educational services,189.1
1515,2017,British Columbia,Health care and social assistance,315.5
1516,2018,British Columbia,Health care and social assistance,337.9
1517,2019,British Columbia,Health care and social assistance,335.3
1518,2020,British Columbia,Health care and social assistance,325.3
1519,2021,British Columbia,Health care and social assistance,360.5
1520,2017,British Columbia,"Information, culture and recreation",140.3
1521,2018,British Columbia,"Information, culture and recreation",130.1
1522,2019,British Columbia,"Information, culture and recreation",134.4
1523,2020,British Columbia,"Information, culture and recreation",109.8
1524,2021,British Columbia,"Information, culture and recreation",128.1
1525,2017,British Columbia,Accommodation and food services,190.7
1526,2018,British Columbia,Accommodation and food services,194.9
1527,2019,British Columbia,Accommodation and food services,200.6
1528,2020,British Columbia,Accommodation and food services,168.3
1529,2021,British Columbia,Accommodation and food services,174.4
1530,2017,British Columbia,Other services (except public administration),117.7
1531,2018,British Columbia,Other services (except public administration),123.4
1532,2019,British Columbia,Other services (except public administration),123.8
1533,2020,British Columbia,Other services (except public administration),104.3
1534,2021,British Columbia,Other services (except public administration),109.5
1535,2017,British Columbia,Public administration,108.4
1536,2018,British Columbia,Public administration,109.3
1537,2019,British Columbia,Public administration,119.0
1538,2020,British Columbia,Public administration,119.7
1539,2021,British Columbia,Public administration,136.7
